userId,title,content,image,date
1,2428,Idella.Goldner78,East Katlynborough,Costa Rica,55
4,962,Thalia.Beahan,Port Donbury,Tanzania,189
4,1301,Gino15,Bartellmouth,Paraguay,1188
0,2143,Rosendo.Fisher,Lake Mayra,Iraq,562
1,240,Andreanne_Lindgren5,Lake Houstonhaven,Poland,1180
5,2022,Jamarcus.Hansen,South Abnerfurt,Aruba,1911
1,2199,Candelario.Lebsack,Marleyburgh,Lebanon,1770
0,2449,Ephraim_Schneider9,South Odessaport,Poland,1991
1,1776,Jermey.Durgan,Satterfieldton,Netherlands,477
2,2086,Bailey.Wolff,Port Bradyport,New Zealand,1092
2,1401,Nikita21,Tamarafurt,Svalbard & Jan Mayen Islands,3
5,2018,Ole_Gerhold64,New America,Mozambique,1471
1,962,Adolphus.Wiegand96,New Harryfurt,Burkina Faso,1597
2,46,Shawn.Roberts26,Hillsfort,Benin,1242
3,1103,Crawford36,Swaniawskishire,Vanuatu,756
2,2037,Serenity.Corwin,Port Samir,Bolivia,12
4,2076,Monique72,East Fabiola,India,1727
5,1085,Geovanny.Walker6,Rileyshire,Mexico,836
0,1481,Daron.Kerluke64,North Keelyshire,Niue,1803
0,914,Martine.Yundt84,North Norval,Belize,583
2,1678,Enos.Gleason,North Clementine,Reunion,467
4,742,Corene_Yost,Treverfurt,Netherlands Antilles,123
5,2248,Edd78,Silasmouth,Greenland,131
1,1224,Giovani8,Melbamouth,Central African Republic,738
0,2034,Burdette.Hirthe,Marlenemouth,New Zealand,859
5,1879,Janis83,Nicklaushaven,Swaziland,918
5,584,Cydney79,Leilafort,Chile,1471
4,668,Justus.White,South Virginiaview,Kiribati,358
4,289,Wilfrid.Jones,New Mossietown,United States Minor Outlying Islands,1446
2,906,Janie.Murazik,Port Birdie,Suriname,1087
4,1624,Carleton_DAmore,Lake Myrtisview,Panama,1651
1,1239,Kenna40,Destineyton,Guinea,822
4,130,Laverna_Bechtelar,Jamarcusmouth,Cyprus,153
3,530,Mustafa42,Williamsonside,Yemen,310
1,2051,Antwan.Koss,Domenicomouth,Azerbaijan,759
1,477,Linnea22,Kuhicton,Andorra,88
4,1246,Leonor29,South Therese,Saint Helena,1978
5,1538,Bridget_Frami37,West Brendamouth,Ecuador,1326
0,109,Brenna82,South Hillardland,Central African Republic,608
4,133,Clare87,South Darrickmouth,Japan,1664
5,1795,Ryder_Leffler,Lake Selmer,Swaziland,1666
5,132,Heber_Runte,Port Deron,Timor-Leste,1183
5,1249,Lucius68,New Felton,Honduras,1062
0,323,Luis_Haley,Dachmouth,Finland,1854
5,1516,Chanelle.Mueller,Port Yazminshire,Eritrea,213
2,512,Natalia.Bradtke,East Omari,Guadeloupe,92
4,969,Rhianna_Shanahan,South Ozellaburgh,Russian Federation,1354
4,1789,Elsie.Donnelly32,East Patience,Heard Island and McDonald Islands,1522
3,2403,Providenci.Block26,North Benniemouth,Gibraltar,1631
1,608,Pansy_Runte,Serenashire,Albania,1249
0,852,Emanuel.Bergnaum,Feliciamouth,Solomon Islands,656
0,272,Ines99,Broderickview,Japan,855
1,96,Louvenia_Little6,East Herbert,Saint Helena,1687
1,2256,Tressie_Walker52,East Estherview,Angola,533
2,368,Bryana4,Raulbury,Zimbabwe,1316
3,1953,Zita_Sawayn36,New Cameron,Montserrat,1053
4,1549,Zackery.Wolf,Olsonburgh,Saint Pierre and Miquelon,364
4,1668,Osbaldo.Pfeffer,Blickton,Swaziland,851
0,1878,Stacy.Hermiston,Tianaburgh,Austria,1695
4,2177,Garrett.Hayes98,Vonburgh,Zambia,1037
1,1885,Giles49,Lake Deonte,Hong Kong,1685
1,2231,Jayne.McGlynn,South Rodolfo,Guadeloupe,1467
2,974,Dalton_Stanton23,Roslynberg,Guinea-Bissau,1767
4,2196,Joana_Schaden,Arnulfoview,Finland,267
5,243,Simeon_Vandervort28,West Serenamouth,Aruba,160
1,1506,Kelli6,Leolafurt,Grenada,3
2,1382,Jaquelin14,South Rosalynhaven,Sao Tome and Principe,1717
0,2129,Marlin35,Robynmouth,Costa Rica,879
3,745,Rose28,Reillyberg,Saint Martin,1012
3,1449,Fidel.Barton58,Magdalenaborough,Haiti,8
0,1017,Jessie.Crona,Bernhardside,Saint Barthelemy,529
0,1617,Ressie.Anderson95,West Weldon,Slovenia,152
5,667,Bertha_Hilll0,Laneyport,Guinea-Bissau,1438
2,2375,Miles.Langosh,West Katelynnshire,Lao People's Democratic Republic,1590
5,2186,Marcellus50,Kesslerborough,Bahamas,1063
0,1011,Jazmyne.Wintheiser,Noelfort,Madagascar,1906
5,1621,Jennings_Reynolds,Hagenesborough,Tonga,1164
4,733,Cecelia_Reilly98,Swaniawskiborough,Cyprus,892
3,265,Rico_Rempel26,New Jarrod,Andorra,536
5,364,Torrey.Effertz3,Muellershire,Chad,588
4,1811,Virginia_Strosin,South Vincentport,Isle of Man,264
0,1026,Keven30,North Joyce,Myanmar,944
3,375,Sylvia.Hayes38,South Wilhelmport,Qatar,1163
1,2293,Loyce75,North Jannie,Honduras,585
0,775,Toni.Carter,Manuelberg,Bermuda,180
4,2142,Abigail.Marks,Rippinside,Liechtenstein,26
0,303,Bessie_Breitenberg89,West Hoyt,Nigeria,217
3,78,Trisha48,Tressietown,Central African Republic,1770
0,1665,Missouri.Zemlak0,Kemmerbury,Niger,981
3,2117,Garry.White42,North Estherfort,Bahamas,420
0,1196,Joshuah.Dibbert53,Ziemannville,Pakistan,459
2,1492,Ansel.Hettinger,Lake Christianaport,Taiwan,1131
0,692,Floy.Macejkovic30,Aureliefort,Gibraltar,1867
4,1381,Madelynn.Pfeffer,Lebsackborough,India,1780
2,1966,Cody.Powlowski,Simonisstad,Central African Republic,76
2,1083,Conrad.Hansen23,Eraborough,Brazil,1700
3,1049,Trevor.Welch76,Dannyburgh,Kenya,658
4,2122,Daniella.Christiansen,Swifttown,Cayman Islands,295
2,2258,Jerod_Leannon,North Susanabury,Tonga,868
3,710,Kamryn.Gusikowski99,Manteside,Antarctica (the territory South of 60 deg S),974
